{
    "transform": {
        "pos": {
            "x": 31.685062408447267,
            "y": -7.333803653717041,
            "z": 0.0
        },
        "rot": {
            "x": 0.0,
            "y": 0.0,
            "z": 0.0,
            "w": 1.0
        },
        "scale": {
            "x": 1.0,
            "y": 1.0,
            "z": 1.0
        }
    },
    "health": 10,
    "maxHealth": 100,
    "damage": 20,
    "speed": 3.0
}