{
    "transform": {
        "pos": {
            "x": -8.888904571533204,
            "y": 11.456707000732422,
            "z": 0.0
        },
        "rot": {
            "x": 0.0,
            "y": 0.0,
            "z": 0.0,
            "w": 1.0
        },
        "scale": {
            "x": 1.0,
            "y": 1.0,
            "z": 1.0
        }
    },
    "health": 200,
    "damage": 20,
    "speed": 3.0
}